fps,region,Gender,2012,2013,2014,2015,2016,2017,2018,2019,2020,2021,2022
0,Nacional,Total,38.2,39.2,40.2,40.9,45.5,48.7,52.5,57.1,64.5,71.8,72.7
0,Nacional,Mujeres,34.6,36.0,37.4,38.5,42.6,45.9,49.9,54.5,62.3,70.1,71.1
0,Nacional,Hombres,41.6,42.4,43.1,43.2,48.3,51.5,55.2,59.7,66.8,73.5,74.2
1,Amazonas,Total,18.2,16.8,16.6,19.7,21.8,25.5,26.1,33.6,45.1,55.1,53.9
1,Amazonas,Mujeres,17.7,16.0,14.2,18.5,20.9,24.0,23.6,32.1,44.4,53.7,54.11
1,Amazonas,Hombres,18.7,17.5,18.7,20.9,22.5,26.8,28.4,35.0,45.7,56.3,53.7
2,Ancash,Total,33.1,33.7,33.7,36.5,40.1,41.9,48.0,56.2,63.0,70.5,71.8
2,Ancash,Mujeres,29.0,30.8,29.3,34.0,36.1,37.3,44.1,53.4,60.2,68.1,69.3
2,Ancash,Hombres,37.1,36.5,38.0,38.9,43.9,46.3,51.8,58.9,65.6,72.8,74.3
3,Apurímac,Total,22.4,20.6,19.1,21.0,22.0,22.0,19.2,31.6,40.5,57.0,55.7
3,Apurímac,Mujeres,18.9,17.8,18.1,19.5,20.6,20.2,18.4,28.9,34.1,50.9,51.0
3,Apurímac,Hombres,25.6,23.3,20.2,22.4,23.3,23.6,19.9,34.1,46.6,62.6,60.1
4,Arequipa,Total,45.0,44.9,46.1,45.4,50.1,53.5,57.3,66.1,74.3,79.9,81.0
4,Arequipa,Mujeres,38.5,39.8,39.6,41.9,45.2,49.4,53.6,63.1,72.1,77.7,80.0
4,Arequipa,Hombres,51.5,50.0,52.4,48.9,55.0,57.9,61.1,69.2,76.6,82.3,82.1
5,Ayacucho,Total,23.9,24.1,23.9,26.6,29.2,28.3,32.8,36.9,43.4,59.9,58.5
5,Ayacucho,Mujeres,21.2,21.9,21.4,23.7,25.7,25.3,28.6,34.3,39.4,56.6,54.6
5,Ayacucho,Hombres,26.4,26.2,26.4,29.3,32.5,31.2,36.6,39.4,47.2,63.0,62.0
6,Cajamarca,Total,17.6,16.8,15.3,15.2,19.5,23.3,25.6,31.1,44.8,53.3,50.4
6,Cajamarca,Mujeres,15.3,13.8,13.5,14.3,17.2,19.8,22.3,26.0,39.8,49.0,45.4
6,Cajamarca,Hombres,19.7,20.0,17.0,16.0,21.8,26.7,28.8,36.1,49.7,57.6,55.3
7,Callao,Total,52.7,55.1,57.1,59.4,65.4,67.1,70.7,73.6,77.6,84.1,82.4
7,Callao,Mujeres,48.5,51.2,53.7,55.9,62.8,63.2,66.9,69.6,76.9,83.4,82.4
7,Callao,Hombres,57.0,59.0,60.6,62.9,68.0,71.1,74.6,77.6,78.4,84.9,82.4
8,Cusco,Total,31.8,34.7,31.9,32.4,35.5,31.5,33.6,36.5,39.6,53.1,56.3
8,Cusco,Mujeres,27.1,30.9,28.0,28.2,31.5,29.1,30.8,32.0,37.2,50.3,53.4
8,Cusco,Hombres,36.3,38.3,35.6,36.5,39.3,33.7,36.2,41.0,41.9,55.9,59.2
9,Huancavelica,Total,17.1,16.6,14.1,18.1,21.6,25.7,26.3,30.0,47.3,55.7,55.1
9,Huancavelica,Mujeres,13.9,11.5,11.5,14.2,17.0,21.5,22.1,24.5,41.0,51.1,48.8
9,Huancavelica,Hombres,20.1,21.5,16.7,22.0,25.9,29.9,30.4,35.4,53.5,60.1,61.2
10,Huánuco,Total,19.9,20.7,20.1,23.7,26.7,30.5,33.6,38.2,50.8,57.4,58.2
10,Huánuco,Mujeres,18.2,18.4,18.3,20.7,24.3,28.0,29.7,35.5,48.2,55.0,55.3
10,Huánuco,Hombres,21.5,22.9,21.9,26.6,29.0,32.8,37.3,40.8,53.3,59.7,61.0
11,Ica,Total,41.0,43.9,45.0,48.7,53.6,57.6,59.7,67.9,75.3,80.2,83.6
11,Ica,Mujeres,36.7,39.7,41.7,44.9,49.7,54.5,56.1,66.1,73.7,78.9,83.2
11,Ica,Hombres,45.3,48.0,48.3,52.4,57.4,60.7,63.2,69.8,76.9,81.5,84.1
12,Junín,Total,34.7,36.1,36.6,36.3,37.5,38.1,41.4,41.0,49.0,59.6,62.4
12,Junín,Mujeres,31.2,32.2,33.6,32.6,33.1,34.5,38.8,38.2,46.9,58.0,59.4
12,Junín,Hombres,38.0,39.8,39.4,39.9,41.8,41.6,43.8,43.8,51.0,61.2,65.3
13,La Libertad,Total,36.8,37.8,38.7,41.1,47.4,49.2,56.5,62.2,70.8,76.3,78.0
13,La Libertad,Mujeres,32.2,34.7,35.7,39.0,44.1,46.6,54.2,59.3,69.0,74.3,77.1
13,La Libertad,Hombres,41.3,41.0,41.8,43.3,50.8,51.8,58.9,65.1,72.6,78.3,78.8
14,Lambayeque,Total,29.0,30.9,34.1,36.3,45.1,49.3,53.4,57.6,63.2,69.9,73.5
14,Lambayeque,Mujeres,26.6,28.5,31.4,34.2,41.9,46.1,50.0,55.5,60.5,68.0,72.0
14,Lambayeque,Hombres,31.5,33.4,37.1,38.6,48.5,52.8,57.0,59.9,66.0,71.9,75.2
15,Lima,Total,37.6,39.8,40.6,39.7,45.6,49.8,53.3,58.0,66.0,74.3,75.7
15,Lima,Mujeres,33.1,37.9,38.7,36.5,42.6,45.9,50.7,54.6,65.5,72.7,75.2
15,Lima,Hombres,42.0,41.8,42.5,42.8,48.7,53.7,56.0,61.3,66.6,75.8,76.2
16,Loreto,Total,17.6,17.4,19.5,21.8,25.1,28.3,31.8,34.1,38.4,45.4,47.7
16,Loreto,Mujeres,15.4,14.9,18.0,20.8,23.5,26.7,31.0,32.7,37.6,45.7,47.4
16,Loreto,Hombres,19.5,19.5,20.9,22.7,26.5,29.7,32.5,35.3,39.1,45.2,47.9
17,Madre de Dios,Total,32.1,35.5,35.9,34.9,38.8,45.0,52.5,62.3,63.8,75.3,73.9
17,Madre de Dios,Mujeres,30.3,35.2,37.1,33.4,35.4,44.2,51.3,60.1,63.3,77.1,75.7
17,Madre de Dios,Hombres,33.4,35.8,35.1,35.9,41.3,45.6,53.3,63.9,64.1,74.0,72.6
18,Moquegua,Total,44.3,42.2,45.8,44.6,50.0,53.2,57.3,62.0,70.7,78.2,80.7
18,Moquegua,Mujeres,40.2,38.8,42.8,42.0,47.0,48.9,55.1,60.8,69.7,77.5,79.9
18,Moquegua,Hombres,47.9,45.1,48.3,46.8,52.7,56.9,59.3,63.0,71.7,78.8,81.5
19,Pasco,Total,29.4,23.8,27.5,27.6,33.9,37.2,36.4,40.2,51.9,63.3,68.8
19,Pasco,Mujeres,25.3,22.4,23.9,23.8,30.3,32.2,31.8,35.5,49.1,61.3,67.5
19,Pasco,Hombres,33.1,25.1,30.6,30.9,37.0,41.3,40.3,44.4,54.3,65.0,69.9
20,Piura,Total,26.3,28.7,30.9,31.8,35.4,40.0,47.1,53.5,65.1,72.0,72.5
20,Piura,Mujeres,24.5,25.7,28.3,28.5,33.0,36.0,43.2,51.0,61.9,70.2,71.2
20,Piura,Hombres,28.1,31.8,33.4,35.0,37.8,43.8,50.9,55.8,68.2,73.9,73.7
21,Puno,Total,28.0,28.0,30.0,29.7,32.0,32.6,37.0,40.1,54.3,66.2,62.6
21,Puno,Mujeres,22.2,22.0,25.2,23.9,26.5,28.9,32.9,34.2,49.0,62.6,57.5
21,Puno,Hombres,33.8,33.8,34.6,35.4,37.4,36.4,41.0,45.8,59.6,69.8,67.5
22,San Martín,Total,22.8,23.6,22.9,22.6,30.2,32.4,35.5,41.6,49.5,63.3,63.4
22,San Martín,Mujeres,20.5,21.7,21.0,20.4,26.5,31.1,32.3,37.5,47.9,62.7,62.5
22,San Martín,Hombres,24.7,25.1,24.5,24.3,33.2,33.5,38.2,45.0,50.9,63.7,64.1
23,Tacna,Total,46.6,47.2,46.1,46.8,52.1,55.2,62.1,68.5,74.1,78.0,79.9
23,Tacna,Mujeres,41.3,42.2,41.3,41.3,48.1,51.4,58.9,66.4,71.6,75.7,77.4
23,Tacna,Hombres,51.5,51.9,50.6,51.9,55.8,58.7,65.1,70.5,76.5,80.1,82.4
24,Tumbes,Total,35.9,38.2,42.0,46.9,50.1,54.0,61.0,64.5,68.7,73.4,77.3
24,Tumbes,Mujeres,31.9,35.1,39.1,43.6,48.4,53.1,61.6,64.0,67.5,73.6,77.6
24,Tumbes,Hombres,39.3,40.7,44.6,49.6,51.6,54.8,60.6,64.9,69.8,73.2,77.1
25,Ucayali,Total,25.0,26.4,28.1,31.3,36.9,41.8,46.2,49.7,55.0,61.9,62.2
25,Ucayali,Mujeres,20.6,21.3,23.8,27.8,33.3,40.1,43.7,48.0,53.7,61.7,60.5
25,Ucayali,Hombres,28.7,30.6,31.8,34.2,40.0,43.2,48.3,51.2,56.1,62.1,63.6